C00_V0016.mp4,023891
C00_V0092.mp4,7027
C00_V0048.mp4,16491
C02_V0002.mp4,33719
C00_V0070.mp4,11845
C02_V0158.mp4,45542
C00_V0056.mp4,14720
C00_V0039.mp4,14203
C00_V0108.mp4,4338
C00_V0159.mp4,5051
C00_V0061.mp4,8345
C01_V0192.mp4,3270
C00_V0097.mp4,22394
C00_V0097.mp4,22544
C00_V0056.mp4,14709
C00_V0109.mp4,2010
C00_V0101.mp4,6403
C00_V0108.mp4,3208
C00_V0006.mp4,23488
C00_V0161.mp4,16168
C00_V0097.mp4,22981
C02_V0172.mp4,18240
C02_V0180.mp4,16160
C00_V0117.mp4,14885
C00_V0045.mp4,4570
C00_V0109.mp4,3745
C00_V0120.mp4,5819
C00_V0070.mp4,14150
C02_V0042.mp4,32394
C01_V0166.mp4,5473
C00_V0096.mp4,21341
C00_V0097.mp4,22250
C02_V0158.mp4,45600
C01_V0154.mp4,10012
C00_V0127.mp4,15850
C00_V0077.mp4,35032
C00_V0004.mp4,15489
C00_V0061.mp4,8409
C00_V0057.mp4,21626
C00_V0158.mp4,8095
C00_V0127.mp4,15001
C01_V0054.mp4,180026
C00_V0097.mp4,21581
C00_V0001.mp4,23571
C00_V0062.mp4,18782
C00_V0006.mp4,9643
C00_V0063.mp4,3641
C00_V0054.mp4,12055
C02_V0057.mp4,36864
C00_V0006.mp4,13814
C00_V0127.mp4,15416
C00_V0196.mp4,11071
C00_V0157.mp4,13388
C00_V0097.mp4,22619
C00_V0052.mp4,17991
C00_V0031.mp4,10438
C02_V0147.mp4,39680
C00_V0107.mp4,7068
C02_V0045.mp4,28966
C00_V0030.mp4,6586
C00_V0132.mp4,27546
C00_V0070.mp4,21697
C00_V0033.mp4,10657
C00_V0047.mp4,17881
C00_V0055.mp4,9453
C02_V0199.mp4,18720
C00_V0062.mp4,19007
C00_V0071.mp4,13330
C02_V0015.mp4,34169
C00_V0035.mp4,14939
C00_V0188.mp4,15311
C00_V0062.mp4,18457
C00_V0070.mp4,13826
C00_V0151.mp4,2166
C00_V0124.mp4,14680
C02_V0039.mp4,29269
C02_V0147.mp4,46144
C02_V0018.mp4,38880
C02_V0138.mp4,35680
C00_V0028.mp4,6466
C00_V0188.mp4,11636
C02_V0110.mp4,23183
C00_V0097.mp4,22007
C00_V0173.mp4,3551
C02_V0002.mp4,33760
C02_V0011.mp4,93103
C00_V0151.mp4,2266
C01_V0124.mp4,16242
C00_V0119.mp4,12717
C00_V0033.mp4,10470
C00_V0161.mp4,17441
C00_V0031.mp4,9415
C01_V0054.mp4,26912
C00_V0056.mp4,14208
C00_V0099.mp4,22820
C02_V0032.mp4,33120
C00_V0190.mp4,8455
C00_V0183.mp4,16079
C01_V0140.mp4,8539
C02_V0123.mp4,38036
